{
  "$id": "urn:OCPP:Cp:1.6:2020:3:GetLog.conf",
  "definitions": {
    "LogStatusEnumType": {
      "type": "string",
      "additionalProperties": false,
      "enum": [
        "Accepted",
        "Rejected",
        "AcceptedCanceled"
      ]
    }
  },
  "type": "object",
  "additionalProperties": false,
  "properties": {
    "status": {
      "$ref": "#/definitions/LogStatusEnumType"
    },
    "filename": {
      "type": "string",
      "maxLength": 255
    }
  },
  "required": [
    "status"
  ]
}
