{
  "$id": "urn:OCPP:Cp:1.6:2020:3:LogStatusNotification.req",
  "definitions": {
    "UploadLogStatusEnumType": {
      "type": "string",
      "additionalProperties": false,
      "enum": [
        "BadMessage",
        "Idle",
        "NotSupportedOperation",
        "PermissionDenied",
        "Uploaded",
        "UploadFailure",
        "Uploading"
      ]
    }
  },
  "type": "object",
  "additionalProperties": false,
  "properties": {
    "status": {
      "$ref": "#/definitions/UploadLogStatusEnumType"
    },
    "requestId": {
      "type": "integer"
    }
  },
  "required": [
    "status"
  ]
}
