{
    "title": "FirmwareStatusNotificationRequest",
    "type": "object",
    "properties": {
        "status": {
            "type": "string",
            "additionalProperties": false,
            "enum": [
                "Downloaded",
                "DownloadFailed",
                "Downloading",
                "Idle",
                "InstallationFailed",
                "Installing",
                "Installed"
            ]
        }
    },
    "additionalProperties": false,
    "required": [
        "status"
    ]
}
