{
    "title": "GetDiagnosticsRequest",
    "type": "object",
    "properties": {
        "location": {
            "type": "string",
            "format": "uri"
        },
        "retries": {
            "type": "integer"
        },
        "retryInterval": {
            "type": "integer"
        },
        "startTime": {
            "type": "string",
            "format": "date-time"
        },
        "stopTime": {
            "type": "string",
            "format": "date-time"
        }
    },
    "additionalProperties": false,
    "required": [
        "location"
    ]
}
